generation,pop_index,D,B,hub_radius,number_of_sections,foil_list,chord_list,pitch_list,aerial_rpm,aerial_v_inf,aquatic_rpm,aquatic_v_inf,aerial_T,aerial_Q,aerial_P,aerial_J,aerial_CT,aerial_CQ,aerial_CP,aerial_eta,FM,aerial_fitness,aerial_Q_penalty,aquatic_T,aquatic_Q,aquatic_P,aquatic_J,aquatic_CT,aquatic_CQ,aquatic_CP,aquatic_eta,cavitating_proportion,QI,aquatic_fitness,cavitation_penalty,aquatic_Q_penalty
,,0.254,2,0.00825,20,NACA4412;NACA4412;NACA4412;NACA4412;NACA4412;NACA4412;NACA4412;NACA4412;NACA4412;NACA4412;E63;E63;E63;E63;E63;E63;E63;E63;E63;NACA4412,0.0099;0.017358183020127822;0.017358183020127822;0.020998601347939985;0.03081011777990237;0.04081011777990237;0.050810117779902374;0.060810117779902376;0.07081011777990237;0.08081011777990237;0.08871615330843378;0.09871615330843378;0.10871615330843377;0.11871615330843377;0.12871615330843378;0.1387161533084338;0.1487161533084338;0.1499995295127661;0.1499995295127661;0.1399995295127661,14.334453257213733;14.109736026975058;14.255014630020073;13.962266023339403;14.612652167018567;13.947353372273692;13.983405296338328;11.406973631466707;11.406973631466707;8.956381386157934;8.956381386157934;11.421354616746191;10.386070163822493;10.438096735229987;10.438096735229987;10.605479010689365;10.581781965440198;10.210568886292641;10.210568886292641;8.10741797704356,4000.0,0.0,200.0,0.0,20.896924407276423,0.14043006122410046,58.823206491306514,0.0,0.92213378648316,0.024397084562514413,0.15329140326120846,0.0,4.609068509663503,4.609068509663503,0.0,39.10638382835405,0.29197024068329885,6.1150104213166365,0.0,0.8532605112511297,0.025080654162090713,0.1575863977257009,0.0,0.4,3.99065150962293,1.7524849370058522,0.4,0.2680873733775191
,,0.254,2,0.00825,20,E63;E63;NACA4412;NACA4412;E63;E63;E63;E63;E63;E63;E63;E63;E63;E63;E63;E63;E63;E63;E63;NACA4412,0.0099;0.013011752742433666;0.019281880357305884;0.019281880357305884;0.026785919697033166;0.03678591969703317;0.04678591969703317;0.05678591969703317;0.06678591969703317;0.07678591969703316;0.0843994133718015;0.0943994133718015;0.10439941337180149;0.11439941337180148;0.12439941337180148;0.13254484529313598;0.13857391864922586;0.13752891907132414;0.13752891907132414;0.12752891907132413,12.93251254283298;12.240302611222715;11.702155245803098;11.702155245803098;10.702406544887584;9.04523906072976;9.04523906072976;6.0;6.0;8.70302301654019;8.70302301654019;10.81447467820528;9.924468828326596;9.97649539973409;10.438096735229987;10.605479010689365;10.581781965440198;10.210568886292641;10.210568886292641;8.10741797704356,4000.0,0.0,200.0,0.0,19.617884383804654,0.13330425394958073,55.83835532003613,0.0,0.8656926568259726,0.02315910943712294,0.14551297614269496,0.0,4.416558005200078,4.416558005200078,0.0,36.62056793473874,0.2765514772351615,5.7920805948092555,0.0,0.7990226008994055,0.02375616070431641,0.14926435989235792,0.0,0.4,3.817882289075311,1.7700911445978582,0.4,0.2272805486683503
,,0.254,2,0.00825,20,NACA4412;NACA4412;NACA4412;NACA4412;E63;E63;E63;E63;E63;E63;E63;E63;E63;E63;E63;E63;E63;E63;E63;NACA4412,0.009645920245539204;0.011477076247846961;0.01580865418880517;0.025552007972178103;0.026785919697033166;0.03678591969703317;0.04678591969703317;0.05678591969703317;0.06678591969703317;0.07678591969703316;0.08187088139798337;0.09187088139798337;0.10187088139798336;0.11187088139798336;0.12187088139798335;0.12857391864922585;0.13857391864922586;0.13752891907132414;0.13752891907132414;0.12752891907132413,11.424607068263299;10.454963527902136;10.25952405275704;11.164007880383481;11.164007880383481;9.506840396225657;9.506840396225657;6.318593585988236;6.318593585988236;9.164624352036087;9.164624352036087;11.276076013701177;10.386070163822493;10.438096735229987;10.438096735229987;10.605479010689365;10.581781965440198;10.210568886292641;10.210568886292641;8.10741797704356,4000.0,0.0,200.0,0.0,19.54887202419071,0.13260467303875256,55.54531555336287,0.0,0.8626472982246474,0.023037570398465407,0.1447493238407532,0.0,4.41645101135729,4.41645101135729,0.0,36.52458293259056,0.275535347056879,5.770798814121368,0.0,0.7969283082548881,0.023668873693402134,0.1487159194278737,0.0,0.4,3.816906153071125,1.7761647203446154,0.4,0.2244308832361983
,,0.254,2,0.00825,20,NACA4412;NACA4412;E63;E63;E63;E63;E63;E63;E63;E63;E63;E63;NACA4412;E63;E63;E63;E63;E63;E63;NACA4412,0.0099;0.017090555706817445;0.017090555706817445;0.0265911050122593;0.0265911050122593;0.0365911050122593;0.046591105012259305;0.05502570396009111;0.06172648195955157;0.07172648195955157;0.07783430423476058;0.08783430423476057;0.09783430423476057;0.10783430423476056;0.11783430423476056;0.12783430423476055;0.13783430423476056;0.14783430423476057;0.13783430423476056;0.12783430423476055,13.748948329569009;11.416594837688702;12.025569389474194;11.47175906190634;11.47175906190634;11.01056181083835;11.01056181083835;7.822315000600929;7.822315000600929;9.347867188485194;9.347867188485194;11.046057755068457;9.547077353404282;10.706511894972156;10.706511894972156;10.605479010689365;10.581781965440198;10.449911822278912;10.449911822278912;8.062637020956148,4000.0,0.0,200.0,0.0,19.44366985138574,0.13163998127803075,55.14122641356791,0.0,0.8580049654074254,0.02286997333087222,0.14369628040812532,0.0,4.412952336507382,4.412952336507382,0.0,36.37485828421339,0.2741601061639022,5.741995836212753,0.0,0.7936614725745056,0.023550738567213948,0.1479736545387463,0.0,0.4,3.8124890884259277,1.7830085572691967,0.4,0.220540476350866
,,0.254,2,0.00825,20,E63;NACA4412;NACA4412;E63;E63;E63;E63;E63;E63;E63;E63;E63;E63;E63;E63;E63;E63;E63;E63;NACA4412,0.0099;0.010686366141293141;0.020000222294551125;0.020000222294551125;0.023536045505410753;0.033536045505410755;0.04353604550541076;0.05353604550541076;0.06353604550541075;0.07353604550541075;0.08353604550541074;0.09353604550541074;0.10353604550541073;0.11353604550541073;0.12353604550541072;0.13353604550541073;0.14353604550541074;0.15353604550541075;0.1470036182766515;0.1370036182766515,11.223472639449952;11.223472639449952;14.408853614021822;14.408853614021822;14.610504616796637;13.563199700533108;13.563199700533108;13.97072986435365;11.947665676677683;9.90761952766876;9.95955754583873;8.655845913668838;7.305040082360051;10.779613071261164;10.816460006369793;10.605479010689365;10.581781965440198;10.462616505479454;9.97122595030637;8.10741797704356,4000.0,0.0,200.0,0.0,20.073610657528185,0.13828263211527247,57.92369348965333,0.0,0.8858028216616272,0.024024009103432508,0.15094730101823575,0.0,4.406769129343798,4.406769129343798,0.0,37.62475627408058,0.28671436329355315,6.004931582678012,0.0,0.8209329432000403,0.024629166904957717,0.15474961962530406,0.0,0.35,3.8350585347583523,1.85794875357683,0.35,0.25467038588744384
,,0.254,2,0.00825,20,E63;NACA4412;NACA4412;NACA4412;NACA4412;NACA4412;NACA4412;NACA4412;NACA4412;E63;E63;E63;E63;E63;E63;E63;E63;E63;E63;NACA4412,0.0099;0.010647944748337168;0.020647944748337168;0.02403145612341403;0.03403145612341403;0.036322149405061996;0.046322149405062;0.056322149405062;0.066322149405062;0.07632214940506199;0.08632214940506198;0.09632214940506198;0.10632214940506197;0.11461102188435901;0.124611021884359;0.134611021884359;0.144611021884359;0.15461102188435902;0.14843131355748304;0.13843131355748303,14.455741771295028;14.455741771295028;13.426300273399441;13.426300273399441;13.643936251146933;13.33129500557856;12.848317053102164;13.255847216922707;11.23278302924674;9.192736880237817;9.244674898407787;7.940963266237895;6.0;10.393870649403784;10.393870649403784;10.605479010689365;10.581781965440198;10.462616505479454;9.97122595030637;8.10741797704356,4000.0,0.0,200.0,0.0,19.951886324204917,0.1370823283410981,57.42091142045035,0.0,0.8804314034468281,0.023815478875474368,0.14963706695382636,0.0,4.404982237655967,4.404982237655967,0.0,37.29014462945976,0.28416833688602383,5.951607730293079,0.0,0.8136320660794937,0.024410459657036317,0.15337544145859064,0.0,0.3,3.8179155698829836,2.009770660413136,0.3,0.2479925522461634
,,0.254,2,0.00825,20,E63;E63;NACA4412;NACA4412;NACA4412;NACA4412;NACA4412;NACA4412;NACA4412;NACA4412;NACA4412;NACA4412;NACA4412;E63;E63;E63;E63;E63;E63;NACA4412,0.0099;0.015445287956329917;0.015445287956329917;0.025169053755254932;0.027089531670717048;0.03658904467993762;0.04360080586738348;0.05310031887660405;0.06259983188582462;0.07209934489504517;0.08209934489504517;0.09209934489504516;0.10209934489504516;0.11209934489504515;0.12209934489504515;0.13209934489504516;0.14209934489504517;0.15209934489504517;0.143261739377772;0.133261739377772,12.244177193994938;11.507190029825;11.507190029825;10.604572654341414;10.19705461436092;10.344168458930692;10.344168458930692;8.316058451802245;8.316058451802245;8.047289396409658;10.559964804794559;10.029565163302472;9.139559313423788;10.298993854991663;10.706511894972156;10.605479010689365;10.581781965440198;10.449911822278912;10.449911822278912;8.062637020956148,4000.0,0.0,200.0,0.0,19.377639462371416,0.13237544771020338,55.449297872271295,0.0,0.8550911943922261,0.02299774680460141,0.14449910482090786,0.0,4.3660987698582305,4.3660987698582305,0.0,36.317802218682914,0.2760695221701128,5.78198655153114,0.0,0.7924165687281619,0.023714760086637483,0.14900423213964953,0.0,0.3,3.7772156396371193,2.046676405775739,0.3,0.2259315549420474
,,0.254,2,0.00825,20,E63;NACA4412;NACA4412;NACA4412;NACA4412;NACA4412;NACA4412;NACA4412;NACA4412;NACA4412;NACA4412;NACA4412;NACA4412;E63;E63;E63;E63;E63;E63;NACA4412,0.0099;0.013637667283865462;0.018374443659903473;0.02837444365990347;0.028516758326898414;0.038516758326898416;0.045897937952253935;0.05589793795225394;0.06589793795225393;0.07589793795225393;0.0835105386064524;0.09351053860645239;0.10045075523381944;0.11045075523381943;0.12045075523381943;0.13045075523381944;0.14045075523381945;0.14471289958979783;0.13471289958979782;0.12471289958979782,10.006651347083977;12.424987983762461;11.248731365025266;12.560943225156256;12.153425185175763;12.300539029745535;12.300539029745535;10.272429022617088;10.272429022617088;10.0036599672245;10.426059312390606;10.029565163302472;9.139559313423788;10.298993854991663;10.706511894972156;10.605479010689365;10.581781965440198;10.449911822278912;10.449911822278912;8.062637020956148,4000.0,0.0,200.0,0.0,19.051638827994648,0.130540062085805,54.68049333972272,0.0,0.8407055272234687,0.022678883037876896,0.14249562468683247,0.0,4.316228081534065,4.316228081534065,0.0,35.720440701077216,0.27228571234814003,5.702738623935869,0.0,0.779382763399825,0.02338972550318841,0.14696197962059707,0.0,0.3,3.73560771210532,2.0522595130959997,0.3,0.2151747371860551
,,0.254,2,0.00825,20,E63;E63;E63;E63;E63;E63;E63;E63;E63;E63;E63;NACA4412;NACA4412;E63;E63;E63;E63;E63;E63;NACA4412,0.0099;0.012330219654188311;0.022330219654188313;0.02554395777873736;0.02789375900575508;0.03789375900575508;0.047893759005755085;0.05789375900575509;0.06565346806558416;0.07565346806558415;0.08565346806558415;0.09565346806558414;0.10565346806558414;0.11565346806558413;0.12565346806558414;0.12954199580011058;0.1395419958001106;0.12954199580011058;0.12027788768372757;0.11027788768372758,15.117652647290894;18.0482615826695;13.46757828192809;11.071737921813433;12.71522936059831;14.785973944198659;13.05673333714913;10.203516491176975;10.203516491176975;9.369484296827437;8.037156853103141;6.7334452209332465;6.7334452209332465;10.706511894972156;10.706511894972156;10.605479010689365;10.581781965440198;10.449911822278912;10.449911822278912;8.062637020956148,4000.0,0.0,200.0,0.0,18.423315519041957,0.12542606620869298,52.538347755986244,0.0,0.812979047444539,0.021790422342362798,0.13691326149877173,0.0,4.271826195534839,4.271826195534839,0.0,34.45578490788787,0.26134575174806773,5.473612624924209,0.0,0.7517892928966521,0.022449967506910515,0.14105730598607927,0.0,0.3,3.6871319563181,2.110421015964345,0.3,0.18232186930625638
,,0.254,2,0.00825,20,NACA4412;E63;E63;NACA4412;NACA4412;NACA4412;NACA4412;E63;E63;E63;E63;E63;E63;E63;E63;E63;E63;E63;E63;NACA4412,0.0099;0.012021991661782477;0.022021991661782477;0.024087775268415886;0.030727046257622816;0.040727046257622815;0.05072704625762282;0.05215298834911709;0.06215298834911709;0.07215298834911708;0.07943788480179385;0.08943788480179385;0.09943788480179384;0.10943788480179384;0.11943788480179383;0.12943788480179383;0.13943788480179384;0.14943788480179385;0.14529409509402252;0.13529409509402252,9.328461376845945;10.286487784373401;12.155665683905582;12.155665683905582;11.296131914704256;8.6812324252337;10.30235336905773;10.30235336905773;11.91074406676113;8.992138932747439;8.42299847988371;7.932173019983813;6.90493468933639;8.353866397909773;10.386525390340648;10.686586338971003;10.686586338971003;10.56114535097219;10.573875597092819;8.062637020956148,4000.0,0.0,200.0,0.0,19.090982071250753,0.13382446774633056,56.056261965658166,0.0,0.8424416551420656,0.023249486809882456,0.14608083392331903,0.0,4.223345109484501,4.223345109484501,0.0,35.74215422423555,0.2771641522274247,5.804912429840804,0.0,0.7798565298301977,0.023808790347525092,0.1495950416932888,0.0,0.25,3.6732030114837273,2.1240608953536353,0.25,0.228988655146268
,,0.254,2,0.00825,20,E63;NACA4412;NACA4412;NACA4412;NACA4412;NACA4412;NACA4412;NACA4412;NACA4412;NACA4412;NACA4412;NACA4412;NACA4412;NACA4412;E63;E63;E63;E63;E63;NACA4412,0.00885935363332559;0.016225452360982127;0.016225452360982127;0.02622545236098213;0.026889883297906755;0.03688988329790675;0.046889883297906755;0.05688988329790676;0.06688988329790675;0.07688988329790675;0.08688988329790674;0.09688988329790674;0.10688988329790673;0.11688988329790673;0.12688988329790674;0.1361617128582442;0.1461617128582442;0.1361617128582442;0.12616171285824418;0.11616171285824418,13.048584022019915;10.866931748614851;13.26625097597421;14.191765072439368;14.191765072439368;16.838845385629927;15.317597920987055;12.926073608375443;14.330991775546007;14.330991775546007;14.403582498992275;11.211205446256592;8.811886218897234;11.360323727240722;10.706511894972156;10.605479010689365;10.581781965440198;10.449911822278912;10.449911822278912;8.062637020956148,4000.0,0.0,200.0,0.0,18.92087331477078,0.13219604449718356,55.37414963013083,0.0,0.834935142285456,0.022966578867190585,0.14430327089451306,0.0,4.218353756769811,4.218353756769811,0.0,35.6276562525798,0.27567231879178805,5.7736675434289655,0.0,0.7773583034981233,0.023680639758002404,0.14878984779209345,0.0,0.25,3.6753493402051305,2.1368033520911647,0.25,0.22481623584588584
,,0.254,2,0.00825,20,E63;E63;E63;NACA4412;NACA4412;NACA4412;NACA4412;NACA4412;NACA4412;NACA4412;NACA4412;NACA4412;NACA4412;E63;E63;E63;E63;E63;E63;NACA4412,0.0099;0.012330219654188311;0.022330219654188313;0.025015716553550383;0.029127385050591544;0.039127385050591545;0.04912738505059155;0.04943788480179386;0.059437884801793864;0.06943788480179386;0.07943788480179385;0.08943788480179385;0.09943788480179384;0.10943788480179384;0.11943788480179383;0.12943788480179383;0.13943788480179384;0.14943788480179385;0.14529409509402252;0.13529409509402252,15.117652647290894;18.0482615826695;13.2482615826695;12.381855098316173;11.296131914704256;8.6812324252337;10.30235336905773;10.30235336905773;11.923474312881758;9.004869178868068;8.435728726004339;7.944903266104443;6.91766493545702;8.366596644030402;10.399255636461277;10.699316585091632;10.699316585091632;10.573875597092819;10.573875597092819;8.062637020956148,4000.0,0.0,200.0,0.0,18.65058355747403,0.1303936115001818,54.61914826186836,0.0,0.8230078695210066,0.022653440000321164,0.14233576136709225,0.0,4.185352243927183,4.185352243927183,0.0,34.96650132457038,0.27124040916583725,5.68084584528056,0.0,0.7629325924846572,0.023299932490213823,0.14639779348078777,0.0,0.25,3.631907532583989,2.1460482539371957,0.25,0.21215018657689622
,,0.254,2,0.00825,20,E63;E63;E63;NACA4412;NACA4412;NACA4412;NACA4412;NACA4412;NACA4412;NACA4412;NACA4412;NACA4412;NACA4412;NACA4412;E63;E63;E63;E63;E63;NACA4412,0.0099;0.011674205803995974;0.013448411607991949;0.017300301725755023;0.026847254083553398;0.03639420644135177;0.044426160003837756;0.05397311236163613;0.0635200647194345;0.0735200647194345;0.08352006471943449;0.09352006471943448;0.10352006471943448;0.11352006471943447;0.12352006471943447;0.13352006471943448;0.13783837149031647;0.13783837149031647;0.12783837149031646;0.11783837149031647,13.635659971196798;13.635659971196798;15.019339053396237;14.208291936867488;16.66342298401468;14.997403860389278;14.997403860389278;15.40493402420982;13.381869836533854;11.341823687524931;11.393761705694901;10.090050073525008;8.194745044545348;10.706511894972156;10.706511894972156;10.605479010689365;10.501709903078705;10.501709903078705;10.421637840717214;7.379325627063755,4000.0,0.0,200.0,0.0,18.3243153128254,0.1278485584236904,53.553078922121486,0.0,0.808610393319088,0.022211284847912866,0.1395576186099867,0.0,4.157148037042486,4.157148037042486,0.0,34.44277156454563,0.2667748847130177,5.587320119844536,0.0,0.7515053553164857,0.02291633766153739,0.14398759608933792,0.0,0.25,3.6100490274827606,2.168838679137065,0.25,0.1989624286259375
,,0.254,2,0.00825,20,E63;E63;E63;E63;E63;E63;E63;E63;E63;E63;NACA4412;NACA4412;NACA4412;NACA4412;E63;E63;E63;E63;E63;NACA4412,0.0099;0.011380524670349858;0.01380984790869785;0.0187241632268387;0.028724163226838698;0.0387241632268387;0.048082552815546784;0.058082552815546785;0.06808255281554679;0.07808255281554678;0.08808255281554678;0.09808255281554677;0.10808255281554677;0.11808255281554676;0.12214855433728397;0.13214855433728398;0.142148554337284;0.13214855433728398;0.12214855433728398;0.11214855433728399,12.5731208549094;12.5731208549094;14.542871232167357;12.859470909790115;15.085910278224299;13.419891154598899;13.419891154598899;13.827421318419441;11.804357130743474;9.764310981734551;9.816248999904522;8.512537367734629;7.161731536425842;10.420175949065554;10.64886762777856;10.555630208949822;10.555630208949822;10.33267953672;10.33267953672;6.753557732705734,4000.0,0.0,200.0,0.0,18.01663666039864,0.1253128291639967,52.49091513362197,0.0,0.795033233577651,0.021770749533485675,0.13678965359508402,0.0,4.134897387979862,4.134897387979862,0.0,33.85192704813258,0.2609779268585114,5.465908918451959,0.0,0.7386137441576192,0.022418370831764508,0.14085877822104614,0.0,0.25,3.5956898283182794,2.2081955756025335,0.25,0.1811694256044635
,,0.254,2,0.00825,20,NACA4412;NACA4412;NACA4412;NACA4412;NACA4412;NACA4412;NACA4412;NACA4412;NACA4412;NACA4412;NACA4412;NACA4412;NACA4412;NACA4412;E63;E63;E63;E63;E63;NACA4412,0.0099;0.010318496606434212;0.020318496606434214;0.0249786555135301;0.0249786555135301;0.0349786555135301;0.0449786555135301;0.0549786555135301;0.0649786555135301;0.0749786555135301;0.0849786555135301;0.09497865551353009;0.10417012409347573;0.11417012409347572;0.12417012409347572;0.13417012409347573;0.14417012409347574;0.13763666786095788;0.12763666786095787;0.11763666786095787,13.706338694457097;15.480759020533512;14.433067778469654;14.245058209594799;14.245058209594799;16.573771630755715;14.844531023706187;12.82534637208357;10.55777161078473;10.55777161078473;8.943988905213596;6.2675430991;6.307521781740902;8.478219115317492;10.591223360584967;10.555630208949822;10.555630208949822;10.33267953672;10.33267953672;6.753557732705734,4000.0,0.0,200.0,0.0,17.72486512814689,0.12292444513091055,51.490471169316024,0.0,0.7821580189011021,0.021355812683675618,0.13418252847695009,0.0,4.1132569810589645,4.1132569810589645,0.0,33.19035481883228,0.2564261680810188,5.3705771055434015,0.0,0.7241789280651878,0.022027368353359923,0.13840203719366367,0.0,0.25,3.5527643665942494,2.220563273076052,0.25,0.1666345624811859
,,0.254,2,0.00825,20,E63;E63;E63;E63;E63;E63;E63;E63;E63;E63;E63;E63;NACA4412;NACA4412;E63;E63;E63;E63;E63;NACA4412,0.0099;0.011176232053618979;0.013392143271155926;0.02310990147882205;0.02521523754684351;0.03493299575450964;0.04465075396217576;0.054368512169841884;0.064086270377508;0.07380402858517411;0.08352178679284024;0.09323954500050635;0.10323954500050635;0.11323954500050634;0.12323954500050634;0.13323954500050633;0.1374105562383331;0.1303373619536497;0.12994800542938661;0.11994800542938662,13.706950954455744;14.86068210020849;13.471025320209675;14.264161500182215;13.138343157250574;15.119011359111438;13.389770752061908;11.370586100439292;9.723698777030057;8.508906573003387;8.508906573003387;6.0;6.0;7.83197244452147;10.600476645436075;10.507701155231292;10.507701155231292;10.459772101512762;10.317924966549459;6.753557732705734,4000.0,0.0,200.0,0.0,17.66674775518068,0.12255835914525318,51.33712543023291,0.0,0.7795934313020234,0.021292212122147828,0.1337829143632303,0.0,4.105269434628442,4.105269434628442,0.0,33.06148697055276,0.25486952730734386,5.3379748974176975,0.0,0.7213671660114667,0.02189365072238568,0.13756186453941543,0.0,0.25,3.5536656484608216,2.234692345679677,0.25,0.1615447008836913
,,0.254,2,0.00825,20,NACA4412;NACA4412;NACA4412;NACA4412;NACA4412;NACA4412;NACA4412;NACA4412;NACA4412;NACA4412;NACA4412;NACA4412;NACA4412;NACA4412;NACA4412;E63;E63;E63;E63;NACA4412,0.0099;0.013637667283865462;0.018374443659903473;0.02837444365990347;0.028516758326898414;0.038516758326898416;0.045897937952253935;0.05589793795225394;0.06589793795225393;0.07589793795225393;0.08589793795225392;0.09267691008221975;0.10267691008221974;0.11267691008221974;0.12267691008221973;0.13267691008221974;0.14267691008221975;0.1379926374915248;0.12799263749152479;0.11799263749152479,10.006651347083977;12.424987983762461;11.248731365025266;12.426796136083096;12.019278096102603;12.166391940672375;12.166391940672375;10.138281933543928;10.138281933543928;9.86951287815134;10.305435747350245;10.305435747350245;11.614951804651493;9.861418612639783;10.532295817556001;10.532295817556001;10.656682860553238;10.497497236255969;10.393375236035874;6.753557732705734,4000.0,0.0,200.0,0.0,17.678601226458845,0.1264948136010352,52.986023616829655,0.0,0.7801164980528844,0.021976097120823018,0.13807989053870678,0.0,3.9815192628061604,3.9815192628061604,0.0,33.303838083823166,0.26365465211373773,5.5219701211019405,0.0,0.7266550145560682,0.02264830529445547,0.14230349905864026,0.0,0.2,3.473096856228006,2.252004585515791,0.2,0.18948251418706322
,,0.254,2,0.00825,20,E63;NACA4412;NACA4412;E63;NACA4412;NACA4412;NACA4412;NACA4412;NACA4412;NACA4412;NACA4412;NACA4412;NACA4412;NACA4412;NACA4412;E63;E63;E63;E63;NACA4412,0.0099;0.015589171636995318;0.021228851784856992;0.021228851784856992;0.025009663853428257;0.035009663853428255;0.04500966385342826;0.05500966385342826;0.06500966385342825;0.07500966385342825;0.08500966385342824;0.09500966385342824;0.10500966385342823;0.11500966385342823;0.12500966385342824;0.13500966385342825;0.1388735255867683;0.1303373619536497;0.12994800542938661;0.11994800542938662,15.201427556150522;14.901937420476072;15.527292096533133;15.726148790172495;14.329201897557619;14.165650448466781;15.322810960257573;13.5589718405473;12.509372810873923;10.505475678780043;9.05906535149544;8.4156849856693;8.4156849856693;9.753493491219464;10.718583824505552;10.631619136682259;10.459772101512762;10.459772101512762;10.317924966549459;6.753557732705734,4000.0,0.0,200.0,0.0,17.372650146191173,0.1246941209188124,52.231751229917116,0.0,0.7666155721449741,0.021663260600947237,0.1361142807134741,0.0,3.934620262290538,3.934620262290538,0.0,32.714809608789785,0.259895137044386,5.443231021615704,0.0,0.7138030275261641,0.022325357664413074,0.14027435925456938,0.0,0.2,3.4302782238731546,2.256415151427986,0.2,0.1777579673696812
,,0.254,2,0.00825,20,NACA4412;NACA4412;E63;E63;E63;NACA4412;NACA4412;NACA4412;NACA4412;NACA4412;NACA4412;NACA4412;NACA4412;NACA4412;NACA4412;E63;E63;E63;E63;NACA4412,0.0099;0.01577795816400588;0.01577795816400588;0.01970692221213252;0.028757891835667675;0.03875789183566768;0.04875789183566768;0.05875789183566768;0.06875789183566768;0.07875789183566767;0.08264703614910929;0.09264703614910928;0.10264703614910928;0.11264703614910927;0.12264703614910927;0.13264703614910928;0.14264703614910929;0.13264703614910928;0.12264703614910928;0.11264703614910929,10.535333948459407;10.847227629618848;10.847227629618848;11.288075260519784;12.407940317746736;11.169441289746178;11.169441289746178;7.981194479508757;7.981194479508757;8.381246402735753;9.155239855552907;10.453106360456204;11.749098893724653;9.861418612639783;10.532295817556001;10.532295817556001;10.656682860553238;10.497497236255969;10.393375236035874;6.753557732705734,4000.0,0.0,200.0,0.0,17.266153873110294,0.12396220082304592,51.92516525713382,0.0,0.7619161336233791,0.02153610323653562,0.13531532742970334,0.0,3.9215144853121875,3.9215144853121875,0.0,32.53029027548343,0.25842682506453507,5.412478767421853,0.0,0.7097770081078577,0.02219922760101171,0.1394818606934123,0.0,0.2,3.4206230654247376,2.262848310813724,0.2,0.17308620844315886
,,0.254,2,0.00825,20,E63;NACA4412;NACA4412;NACA4412;NACA4412;NACA4412;NACA4412;NACA4412;NACA4412;NACA4412;NACA4412;NACA4412;NACA4412;NACA4412;NACA4412;E63;E63;E63;E63;NACA4412,0.00928893360494928;0.011420865425059762;0.014811931818645804;0.018582423319077484;0.027965184536197972;0.03734794575331846;0.04571694312013631;0.05498828301225071;0.06485750410244684;0.07472672519264295;0.08459594628283908;0.0944651673730352;0.09759304579140525;0.10746226688160136;0.11733148797179749;0.12720070906199363;0.13706993015218977;0.14706993015218978;0.14069921991751397;0.13069921991751396,12.367917809512129;12.367917809512129;13.660643522350039;11.818758890904991;15.427718102460082;13.761698978834682;12.399367701871062;12.806897865691605;10.783833678015638;8.743787529006715;9.605598034924368;7.05411284983723;7.05411284983723;6.0;6.500177109521461;10.555630208949822;10.555630208949822;10.271983837404129;10.361056111096534;8.10741797704356,4000.0,0.0,200.0,0.0,16.988099904232136,0.1214968311073783,50.89247360551727,0.0,0.7496462438457712,0.021107791570880073,0.1326241658651628,0.0,3.904828369879142,3.904828369879142,0.0,31.838744076307435,0.2530810923598067,5.300518003466991,0.0,0.694688191252466,0.021740021645992133,0.13659658458386392,0.0,0.2,3.382089497122562,2.2846159777851596,0.2,0.15561963257888306
,,0.254,2,0.00825,20,NACA4412;NACA4412;NACA4412;NACA4412;NACA4412;NACA4412;NACA4412;NACA4412;NACA4412;NACA4412;NACA4412;NACA4412;NACA4412;NACA4412;NACA4412;E63;E63;E63;E63;NACA4412,0.009391091344570975;0.014056069968529733;0.014056069968529733;0.018121282140497297;0.0281212821404973;0.0381212821404973;0.047098292131270765;0.054959011312256535;0.06495901131225654;0.07495901131225653;0.08495901131225653;0.09495901131225652;0.10205559617043063;0.11205559617043062;0.12205559617043062;0.1320555961704306;0.14205559617043062;0.15069921991751398;0.14069921991751397;0.13069921991751396,14.122047697317747;12.814975597889095;12.814975597889095;12.628631378652674;15.083762425799865;10.6008992091552;8.70067038854995;11.06499518838367;7.796756226173489;6.0;6.0;6.0;6.0;6.0;6.500177109521461;10.555630208949822;10.555630208949822;10.271983837404129;10.361056111096534;8.10741797704356,4000.0,0.0,200.0,0.0,16.847480088138884,0.12017277793673611,50.33785551033703,0.0,0.7434410109157288,0.020877762210443684,0.13117884876744895,0.0,3.898935209127439,3.898935209127439,0.0,31.51599620818724,0.25032870313801864,5.242872098407064,0.0,0.6876461693624804,0.02150358754219588,0.13511102529677513,0.0,0.2,3.3674163317891015,2.2997147925435297,0.2,0.14633558567077462
,,0.254,2,0.00825,20,NACA4412;NACA4412;NACA4412;NACA4412;NACA4412;NACA4412;NACA4412;NACA4412;NACA4412;NACA4412;NACA4412;NACA4412;NACA4412;E63;NACA4412;E63;E63;E63;E63;NACA4412,0.0099;0.015303517568949024;0.015303517568949024;0.025303517568949024;0.026793923974896012;0.03679392397489601;0.04679392397489601;0.056793923974896014;0.06679392397489602;0.07679392397489601;0.086793923974896;0.096793923974896;0.106793923974896;0.11679392397489599;0.126793923974896;0.136793923974896;0.14644215190731166;0.13740224522705793;0.12980369575766743;0.12188678416703211,12.821844336193426;12.089928839259052;12.089928839259052;10.672568195570918;11.87525046939295;10.580108236800411;10.580108236800411;8.816269117090139;7.766670087416761;7.246284846655945;6.0;6.295483276741432;6.295483276741432;6.596462219893119;7.01662236920786;10.492051647098629;10.639424106362167;10.60027039286635;10.60027039286635;7.379325627063755,4000.0,0.0,200.0,0.0,16.678980745732026,0.1191514795139239,49.91005502737307,0.0,0.7360055178448225,0.02070033079890887,0.13006401432946127,0.0,3.8735084955887626,3.8735084955887626,0.0,31.265083775559496,0.24848858112024785,5.204332672988814,0.0,0.6821715217580658,0.021345518473801277,0.1341178480487186,0.0,0.2,3.3519216825996576,2.3060846282371332,0.2,0.1400139805591319
,,0.254,2,0.00825,20,E63;NACA4412;NACA4412;NACA4412;NACA4412;NACA4412;NACA4412;NACA4412;NACA4412;NACA4412;NACA4412;NACA4412;NACA4412;NACA4412;NACA4412;E63;E63;E63;E63;NACA4412,0.00928893360494928;0.011420865425059762;0.014811931818645804;0.018582423319077484;0.027965184536197972;0.03734794575331846;0.04734794575331846;0.051513169503924816;0.06151316950392482;0.07151316950392482;0.08151316950392481;0.09151316950392481;0.1015131695039248;0.1115131695039248;0.1215131695039248;0.1315131695039248;0.13235266868981282;0.13098089829417228;0.12098089829417229;0.11098089829417229,12.367917809512129;12.367917809512129;13.704039279192946;11.862154647747898;15.471113859302989;13.805094735677589;11.887100375887128;11.887100375887128;11.331437293060288;10.762304765273155;10.656615358964126;9.535321393815133;10.702298306670603;6.856485420788983;6.856485420788983;10.619114377689721;10.619114377689721;10.393375236035874;10.393375236035874;6.753557732705734,4000.0,0.0,200.0,0.0,16.4135943590018,0.11765893671529913,49.28486016186268,0.0,0.7242946196807167,0.020441029531403827,0.12843477641534054,0.0,3.8293963248273575,3.8293963248273575,0.0,30.834185837938595,0.24540824427181473,5.139818248898018,0.0,0.6727697781408283,0.021080913207807417,0.13245528412922364,0.0,0.2,3.324072473478241,2.3156299068207096,0.2,0.12921953217912174
,,0.254,2,0.00825,20,E63;E63;E63;E63;E63;E63;E63;E63;E63;E63;E63;E63;E63;NACA4412;NACA4412;E63;E63;E63;E63;NACA4412,0.009476305502389497;0.01441715288653541;0.015628939894392936;0.025353834094878482;0.028112613906824072;0.03803682764823059;0.0459428818723996;0.055942881872399604;0.05680167756454823;0.06506633000718422;0.07472706603627374;0.08472706603627374;0.09472706603627373;0.10472706603627373;0.11472706603627372;0.12472706603627372;0.13166923005995881;0.13166923005995881;0.12166923005995882;0.11166923005995882,12.132515725808952;11.022751091169376;10.365156001686504;14.076827164257116;13.272830893113968;12.321688315859598;12.321688315859598;9.292592277550243;9.292592277550243;6.0;7.081090238066745;6.413182055505818;8.492187325230661;6.9445846871899874;6.843671014149107;10.319100292039877;10.568460671309069;10.568460671309069;10.393375236035874;6.753557732705734,4000.0,0.0,200.0,0.0,15.931179495403896,0.11488997577045569,48.12500051354306,0.0,0.7030067480228955,0.019959974593929716,0.12541221910025702,0.0,3.750070648520563,3.750070648520563,0.0,29.851901160095608,0.23853663773675698,4.995899658172037,0.0,0.651337350890862,0.0204906325455029,0.1287464413447197,0.0,0.2,3.2577203672543713,2.334783008113334,0.2,0.1041346613179754
,,0.254,2,0.00825,20,E63;E63;E63;E63;E63;E63;E63;E63;E63;E63;E63;E63;E63;E63;E63;E63;E63;E63;NACA4412;NACA4412,0.0099;0.01473609187883589;0.014284385678027964;0.017920586238990076;0.027920586238990075;0.03792058623899008;0.044216261007907244;0.054216261007907246;0.06421626100790724;0.07421626100790724;0.08421626100790723;0.09421626100790723;0.10421626100790722;0.11421626100790722;0.12421626100790721;0.1342162610079072;0.14421626100790721;0.1392050734623209;0.1307646056010521;0.12076460560105211,11.21170186879402;11.31894568196242;12.669751513271208;11.793022833627171;14.248153880774362;13.098790313213831;13.098790313213831;11.070680306085384;10.054057290944089;10.054057290944089;9.037434275802791;7.9161403106538;8.239596854241407;6.691994216200733;6.824819319110681;10.505212814538538;10.639424106362167;10.374796125523208;7.191780498399639;7.191780498399639,4000.0,0.0,200.0,0.0,16.21766524563815,0.12058407359610299,50.51013863325974,0.0,0.7156487131507874,0.02094921710332275,0.13162781310051277,0.0,3.669798659045563,3.669798659045563,0.0,30.475124661320628,0.24918481394420436,5.218914539155013,0.0,0.6649354377304183,0.021405325852228207,0.13449362889011163,0.0,0.15,3.2166778505302833,2.3447835037081552,0.15,0.14241681757556618
,,0.254,2,0.00825,20,NACA4412;NACA4412;E63;E63;E63;E63;E63;E63;E63;E63;E63;E63;E63;NACA4412;NACA4412;E63;E63;E63;NACA4412;NACA4412,0.0099;0.01577795816400588;0.01577795816400588;0.01970692221213252;0.028757891835667675;0.03875789183566768;0.04875789183566768;0.05875789183566768;0.06875789183566768;0.07875789183566767;0.08875789183566767;0.09875789183566766;0.10875789183566766;0.11875789183566765;0.12875789183566766;0.13226199897346957;0.14226199897346958;0.1353593350774562;0.1253593350774562;0.1153593350774562,11.30932740127656;11.621221082436001;11.621221082436001;12.062068713336938;13.181933770563889;11.943434742563332;11.943434742563332;8.75518793232591;8.75518793232591;8.186055404538777;8.186055404538777;7.193715389131281;8.404088058829657;6.856485420788983;6.856485420788983;10.505212814538538;10.639424106362167;10.374796125523208;7.191780498399639;7.191780498399639,4000.0,0.0,200.0,0.0,15.799679739202844,0.11697705908181555,48.999235926662784,0.0,0.697203962610844,0.020322566104553654,0.1276904487523174,0.0,3.637654252921981,3.637654252921981,0.0,29.672944354217243,0.2419743642403931,5.067899233697865,0.0,0.6474327000198977,0.02078593808534069,0.1306019007737572,0.0,0.15,3.18260330716267,2.3890756688550057,0.15,0.11686220800724584
,,0.254,2,0.00825,20,E63;NACA4412;NACA4412;E63;E63;E63;E63;E63;E63;E63;E63;E63;E63;NACA4412;NACA4412;E63;E63;E63;NACA4412;NACA4412,0.0099;0.013067808451309443;0.016961556690275662;0.02447857493029592;0.030962249881468566;0.030962249881468566;0.04054439335168637;0.05012653682190418;0.05822713115363914;0.06780927462385694;0.07739141809407475;0.08739141809407475;0.09739141809407474;0.10739141809407474;0.11739141809407473;0.12739141809407473;0.13585980220604685;0.13546424841191;0.13342766138814902;0.12342766138814902,10.006651347083977;12.89924637109699;11.722989752359794;13.595989405403134;12.474597650181039;12.663432093174189;11.436025735203168;11.022779552800834;11.022779552800834;8.272997413408586;9.219857854563578;8.572822276749115;8.580108095182931;7.032505457142256;7.032505457142256;10.319100292039877;10.639424106362167;10.374796125523208;7.191780498399639;7.191780498399639,4000.0,0.0,200.0,0.0,15.692409350912062,0.11622074655720285,48.682432477177294,0.0,0.6924703641441886,0.02019117101394539,0.12686486904957203,0.0,3.624102507957893,3.624102507957893,0.0,29.435497064525144,0.24046332673413473,5.0362521381714656,0.0,0.6422518477915979,0.02065613783915217,0.1297863417740372,0.0,0.15,3.164237796049824,2.390215265083633,0.15,0.11131269513549442
,,0.254,2,0.00825,20,E63;E63;E63;E63;E63;E63;E63;E63;E63;E63;E63;NACA4412;NACA4412;NACA4412;NACA4412;E63;E63;E63;NACA4412;NACA4412,0.0099;0.015349000864959049;0.016009152150046196;0.025630550691965362;0.029168515041822073;0.03878991358374124;0.048411312125660404;0.0518630772318615;0.06148447577378067;0.07110587431569983;0.08072727285761899;0.09034867139953814;0.10034867139953814;0.11034867139953813;0.12034867139953813;0.12905461193727272;0.13905461193727273;0.13207683685479782;0.12334886201493174;0.11334886201493174,13.416941548253156;12.30717691361358;11.649581824130708;13.903732510524053;14.52034489008357;13.5692023128292;10.561679328895352;10.561679328895352;9.58914090313682;9.02000837534969;9.02000837534969;8.614324039833946;9.824696709532322;8.277094071491648;6.856485420788983;10.505212814538538;10.639424106362167;10.374796125523208;7.191780498399639;7.191780498399639,4000.0,0.0,200.0,0.0,15.462616547831882,0.11383033413117906,47.68113886162448,0.0,0.6823301299412491,0.019775881768974393,0.12425552976734056,0.0,3.6192298045958013,3.6192298045958013,0.0,29.05513296089012,0.23653391221862152,4.953954673005829,0.0,0.6339526997304089,0.020318595607819127,0.1276655013855728,0.0,0.15,3.154654411565675,2.422563267304333,0.15,0.09654939644934525
,,0.254,2,0.00825,20,E63;NACA4412;E63;E63;E63;NACA4412;NACA4412;NACA4412;NACA4412;NACA4412;NACA4412;NACA4412;NACA4412;NACA4412;NACA4412;NACA4412;E63;E63;NACA4412;NACA4412,0.009138562850489673;0.01284683924284192;0.013674949112513681;0.020268076817999973;0.03026807681799997;0.04026807681799997;0.050268076817999975;0.06026807681799998;0.07026807681799997;0.07391065993126217;0.08391065993126216;0.09391065993126216;0.10391065993126215;0.11034170482233979;0.12034170482233979;0.13034170482233978;0.1403417048223398;0.13985796214651824;0.12985796214651824;0.11985796214651824,11.92128456206061;13.5471385561134;13.5471385561134;12.221777817477747;15.129425027333596;13.463405903708196;13.463405903708196;13.870936067528739;9.095762969172753;9.095762969172753;7.3072111745400266;6.660175596725563;8.84378981489844;7.2961871768577655;6.843671014149107;10.319100292039877;10.639424106362167;10.374796125523208;6.972669115552687;6.972669115552687,4000.0,0.0,200.0,0.0,14.39988166790094,0.11114816003329732,46.5576324027506,0.0,0.6354340547218158,0.01930990441550033,0.1213277077065139,0.0,3.331085641101206,3.331085641101206,0.0,27.205981120588383,0.23142611458839926,4.846977209598299,0.0,0.593606135047718,0.019879828610217788,0.12490864703296878,0.0,0.1,2.9214276036488713,2.4278569879562197,0.1,0.0766093699746052
,,0.254,2,0.00825,20,E63;E63;E63;E63;E63;E63;E63;NACA4412;NACA4412;NACA4412;NACA4412;NACA4412;NACA4412;NACA4412;NACA4412;NACA4412;NACA4412;E63;E63;NACA4412,0.0099;0.01574771838275051;0.0212260076244681;0.0212260076244681;0.02629486583222501;0.036294865832225014;0.046294865832225016;0.05629486583222502;0.06207076937449508;0.07207076937449508;0.08017484418156201;0.08387254528152267;0.08835749075268041;0.09835749075268041;0.1083574907526804;0.1183574907526804;0.1283574907526804;0.1300133604063196;0.12166923005995882;0.11166923005995882,12.991111425115076;10.028498913477797;10.693332018503867;10.693332018503867;10.511205476589723;11.73088054465856;10.45754437182443;8.259127525688303;8.259127525688303;6.800897309251289;6.914417957593218;6.0;6.0;6.0;6.0;9.339236825204733;9.224864284482354;10.68283321203145;10.393375236035874;6.753557732705734,4000.0,0.0,200.0,0.0,13.109107879303945,0.10314485123774965,43.20521425388352,0.0,0.5784751406742681,0.01791947988842349,0.11259141274724256,0.0,3.117897570023547,3.117897570023547,0.0,24.71277341864594,0.21485148202895352,4.499838917033599,0.0,0.5392069431471816,0.01845604437072024,0.11596274681876392,0.0,0.1,2.7242990641405602,2.4386909366333933,0.1,0.005374765228227252
,,0.254,2,0.00825,20,NACA4412;E63;NACA4412;E63;E63;E63;E63;E63;E63;E63;E63;E63;E63;NACA4412;NACA4412;E63;E63;E63;E63;NACA4412,0.0099;0.01309943259504243;0.02073181964532317;0.02151812926740376;0.029178859860866945;0.039178859860866944;0.047685388352795746;0.05768538835279575;0.05895603286878218;0.06753414432514553;0.07753414432514552;0.08753414432514552;0.09753414432514551;0.10472706603627373;0.11472706603627372;0.12472706603627372;0.13166923005995881;0.13166923005995881;0.12166923005995882;0.11166923005995882,12.15979321280576;11.300764129947519;12.124701740893506;12.124701740893506;13.27286220871092;12.321719631456551;12.321719631456551;9.292623593147196;9.292623593147196;6.000031315596952;7.081121553663697;6.41321337110277;8.492218640827614;6.9446160027869395;6.843671014149107;10.319100292039877;10.568460671309069;10.568460671309069;10.393375236035874;6.753557732705734,4000.0,0.0,200.0,0.0,16.001775643631426,0.11534046761627421,48.31370209665313,0.0,0.7061219956166281,0.020038239087737907,0.1259039694178265,0.0,3.7602805549864886,3.7602805549864886,0.0,29.981982309651723,0.23944822125161536,5.014991818661454,0.0,0.6541755859130916,0.020568938851044587,0.1292384543731587,0.0,0.2,3.2665537152664834,2.3322011396786397,0.2,0.10754523613873129
